chain_length,cpu_time
8,5088.380363702774
12,8395.54651594162
16,10126.819531202316
20,1825.2895820140839
24,6900.141964197159
32,4879.338174343109
